title,permalink,body,published_at,filter,categories,tags,jenis,brand,description,image,product,price,sku,kondisi
Jual Ikat Pinggang / Sabuk Pria - SPP 639 Murah,ikat-pinggang-sabuk-pria-spp-639,"
     <div class=""product-details""><!--product-details-->
      <div class=""col-sm-5"">
       <div class=""view-product"">
        <img src=""{{ page.image }}"" alt=""{{ page.product }}"" title=""{{ page.product }}"" />
        <h3><a style=""text-decoration: none; color: #ffffff"" href=""{{ page.image }}"" target=""_blank"" title=""Klik disini untuk memperbesar"">ZOOM</a></h3>
       </div>
      </div>

      <div class=""col-sm-7"">
       <div class=""product-information""><!--/product-information-->
        <h1>{{ page.product }}</h1>
        <p>SKU: {{ page.sku }}</p>
        <img src=""{{ site.url }}/img/rating.png"" alt=""rating"" title=""rating"" /><br>
        <span>
         <span>{{ page.price }}</span>        
         <label>Stok:<a href=""http://stok.lipatan.com"" target=""_blank"" title=""Cek Stok"">
          <script type=""text/javascript"">
          <!--
          document.write(unescape('%3c%62%75%74%74%6f%6e%20%74%79%70%65%3d%22%62%75%74%74%6f%6e%22%20%63%6c%61%73%73%3d%22%62%74%6e%20%62%74%6e%2d%66%65%66%61%75%6c%74%20%63%61%72%74%22%3e%09%09%09%09%09%09%09%09%09%09%3c%69%20%63%6c%61%73%73%3d%22%66%61%20%66%61%2d%73%68%6f%70%70%69%6e%67%2d%63%61%72%74%22%3e%3c%2f%69%3e%09%09%09%09%09%09%09%09%09%09%43%65%6b%20%53%74%6f%6b%3c%2f%62%75%74%74%6f%6e%3e'));
          //-->
          </script>
          </a>
         </label>
        </span>
        <p><b>Kondisi:</b> {{ page.kondisi }}</p>
        <p><b>Deskripsi:</b> {{ page.description }}</p>
        {% include buy.html %}
       </div><!--/product-information-->
      </div>
     </div><!--/product-details-->
     
     <div class=""category-tab shop-details-tab""><!--category-tab-->
      <div class=""col-sm-12"">
       <ul class=""nav nav-tabs"">
        <li class=""active""><a href=""{{ site.url }}{{ page.url }}#keterangan"" data-toggle=""tab"" title=""Keterangan"">Keterangan</a></li>        
       </ul>
      </div>
      <div class=""tab-content"">
       <div class=""tab-pane fade active in"" id=""keterangan"" >
        <div class=""col-sm-12"">
         <h2>{{ page.product }}</h2>         
         <ol class=""breadcrumb"">
            <li class=""active"">Tag :</li>
            <li><a href=""{{ site.url }}/{{ page.jenis }}"" title=""{{ page.jenis }}"">{{ page.jenis }}</a></li>
            <li><a href=""{{ site.url }}/{{ page.brand }}"" title=""{{ page.brand }}"">{{ page.brand }}</a></li>  
         </ol>         
         <p>Tampil trendy dengan Tali Pinggang Pria merek Inficlo. Brand fashion asal Bandung. Cocok untuk hadiah orang yang Anda sayangi agar terlihat lebih gaya, tampil berbeda dan percaya diri. Ikat Pinggang / Sabuk Pria - SPP 639 dengan bahan CARLIT ini dijamin awet.<br/>Kode : SPP 639<br/>Warna : HITAM<br/>Bahan : CARLIT<br/>Ukuran : All Size<br/>Berat : 0.5 kg<br/><br>
         </p>

         <p style=""background-color: #5cb85c; color: #ffffff; padding: 5px; text-align: center; display: inline-block; box-shadow: 0 1px 3px rgba(0,0,0,0.12), 0 1px 2px rgba(0,0,0,0.24);"">
         ID Penjual : BDRS<br>
         Lokasi : Bandung</p>

         {% include share.html %}

         {% include disqus.html %}
         
        </div>
       </div>       
       
      </div>
     </div><!--/category-tab-->",2017-02-11,html,tali-pinggang-pria,inficlo,tali-pinggang-pria,inficlo,"Tali Pinggang Pria Bahan CARLIT, Ukuran All Size, Warna HITAM",https://images.lipatan.com/katalog-inficlo-2017/foto-produk-satuan/254-spp-639.jpg,Ikat Pinggang / Sabuk Pria - SPP 639,Rp 89.900,SPP 639,Baru
Jual Ikat Pinggang / Sabuk Pria - SPP 204 Murah,ikat-pinggang-sabuk-pria-spp-204,"
     <div class=""product-details""><!--product-details-->
      <div class=""col-sm-5"">
       <div class=""view-product"">
        <img src=""{{ page.image }}"" alt=""{{ page.product }}"" title=""{{ page.product }}"" />
        <h3><a style=""text-decoration: none; color: #ffffff"" href=""{{ page.image }}"" target=""_blank"" title=""Klik disini untuk memperbesar"">ZOOM</a></h3>
       </div>
      </div>

      <div class=""col-sm-7"">
       <div class=""product-information""><!--/product-information-->
        <h1>{{ page.product }}</h1>
        <p>SKU: {{ page.sku }}</p>
        <img src=""{{ site.url }}/img/rating.png"" alt=""rating"" title=""rating"" /><br>
        <span>
         <span>{{ page.price }}</span>        
         <label>Stok:<a href=""http://stok.lipatan.com"" target=""_blank"" title=""Cek Stok"">
          <script type=""text/javascript"">
          <!--
          document.write(unescape('%3c%62%75%74%74%6f%6e%20%74%79%70%65%3d%22%62%75%74%74%6f%6e%22%20%63%6c%61%73%73%3d%22%62%74%6e%20%62%74%6e%2d%66%65%66%61%75%6c%74%20%63%61%72%74%22%3e%09%09%09%09%09%09%09%09%09%09%3c%69%20%63%6c%61%73%73%3d%22%66%61%20%66%61%2d%73%68%6f%70%70%69%6e%67%2d%63%61%72%74%22%3e%3c%2f%69%3e%09%09%09%09%09%09%09%09%09%09%43%65%6b%20%53%74%6f%6b%3c%2f%62%75%74%74%6f%6e%3e'));
          //-->
          </script>
          </a>
         </label>
        </span>
        <p><b>Kondisi:</b> {{ page.kondisi }}</p>
        <p><b>Deskripsi:</b> {{ page.description }}</p>
        {% include buy.html %}
       </div><!--/product-information-->
      </div>
     </div><!--/product-details-->
     
     <div class=""category-tab shop-details-tab""><!--category-tab-->
      <div class=""col-sm-12"">
       <ul class=""nav nav-tabs"">
        <li class=""active""><a href=""{{ site.url }}{{ page.url }}#keterangan"" data-toggle=""tab"" title=""Keterangan"">Keterangan</a></li>        
       </ul>
      </div>
      <div class=""tab-content"">
       <div class=""tab-pane fade active in"" id=""keterangan"" >
        <div class=""col-sm-12"">
         <h2>{{ page.product }}</h2>         
         <ol class=""breadcrumb"">
            <li class=""active"">Tag :</li>
            <li><a href=""{{ site.url }}/{{ page.jenis }}"" title=""{{ page.jenis }}"">{{ page.jenis }}</a></li>
            <li><a href=""{{ site.url }}/{{ page.brand }}"" title=""{{ page.brand }}"">{{ page.brand }}</a></li>  
         </ol>         
         <p>Tampil trendy dengan Tali Pinggang Pria merek Inficlo. Brand fashion asal Bandung. Cocok untuk hadiah orang yang Anda sayangi agar terlihat lebih gaya, tampil berbeda dan percaya diri. Ikat Pinggang / Sabuk Pria - SPP 204 dengan bahan KULIT SUPER ini dijamin awet.<br/>Kode : SPP 204<br/>Warna : COKLAT<br/>Bahan : KULIT SUPER<br/>Ukuran : All Size<br/>Berat : 0.5 kg<br/><br>
         </p>

         <p style=""background-color: #5cb85c; color: #ffffff; padding: 5px; text-align: center; display: inline-block; box-shadow: 0 1px 3px rgba(0,0,0,0.12), 0 1px 2px rgba(0,0,0,0.24);"">
         ID Penjual : BDRS<br>
         Lokasi : Bandung</p>

         {% include share.html %}

         {% include disqus.html %}
         
        </div>
       </div>       
       
      </div>
     </div><!--/category-tab-->",2017-02-11,html,tali-pinggang-pria,inficlo,tali-pinggang-pria,inficlo,"Tali Pinggang Pria Bahan KULIT SUPER, Ukuran All Size, Warna COKLAT",https://images.lipatan.com/katalog-inficlo-2017/foto-produk-satuan/255-spp-204.jpg,Ikat Pinggang / Sabuk Pria - SPP 204,Rp 158.900,SPP 204,Baru
Jual Ikat Pinggang / Sabuk Pria - SPP 552 Murah,ikat-pinggang-sabuk-pria-spp-552,"
     <div class=""product-details""><!--product-details-->
      <div class=""col-sm-5"">
       <div class=""view-product"">
        <img src=""{{ page.image }}"" alt=""{{ page.product }}"" title=""{{ page.product }}"" />
        <h3><a style=""text-decoration: none; color: #ffffff"" href=""{{ page.image }}"" target=""_blank"" title=""Klik disini untuk memperbesar"">ZOOM</a></h3>
       </div>
      </div>

      <div class=""col-sm-7"">
       <div class=""product-information""><!--/product-information-->
        <h1>{{ page.product }}</h1>
        <p>SKU: {{ page.sku }}</p>
        <img src=""{{ site.url }}/img/rating.png"" alt=""rating"" title=""rating"" /><br>
        <span>
         <span>{{ page.price }}</span>        
         <label>Stok:<a href=""http://stok.lipatan.com"" target=""_blank"" title=""Cek Stok"">
          <script type=""text/javascript"">
          <!--
          document.write(unescape('%3c%62%75%74%74%6f%6e%20%74%79%70%65%3d%22%62%75%74%74%6f%6e%22%20%63%6c%61%73%73%3d%22%62%74%6e%20%62%74%6e%2d%66%65%66%61%75%6c%74%20%63%61%72%74%22%3e%09%09%09%09%09%09%09%09%09%09%3c%69%20%63%6c%61%73%73%3d%22%66%61%20%66%61%2d%73%68%6f%70%70%69%6e%67%2d%63%61%72%74%22%3e%3c%2f%69%3e%09%09%09%09%09%09%09%09%09%09%43%65%6b%20%53%74%6f%6b%3c%2f%62%75%74%74%6f%6e%3e'));
          //-->
          </script>
          </a>
         </label>
        </span>
        <p><b>Kondisi:</b> {{ page.kondisi }}</p>
        <p><b>Deskripsi:</b> {{ page.description }}</p>
        {% include buy.html %}
       </div><!--/product-information-->
      </div>
     </div><!--/product-details-->
     
     <div class=""category-tab shop-details-tab""><!--category-tab-->
      <div class=""col-sm-12"">
       <ul class=""nav nav-tabs"">
        <li class=""active""><a href=""{{ site.url }}{{ page.url }}#keterangan"" data-toggle=""tab"" title=""Keterangan"">Keterangan</a></li>        
       </ul>
      </div>
      <div class=""tab-content"">
       <div class=""tab-pane fade active in"" id=""keterangan"" >
        <div class=""col-sm-12"">
         <h2>{{ page.product }}</h2>         
         <ol class=""breadcrumb"">
            <li class=""active"">Tag :</li>
            <li><a href=""{{ site.url }}/{{ page.jenis }}"" title=""{{ page.jenis }}"">{{ page.jenis }}</a></li>
            <li><a href=""{{ site.url }}/{{ page.brand }}"" title=""{{ page.brand }}"">{{ page.brand }}</a></li>  
         </ol>         
         <p>Tampil trendy dengan Tali Pinggang Pria merek Inficlo. Brand fashion asal Bandung. Cocok untuk hadiah orang yang Anda sayangi agar terlihat lebih gaya, tampil berbeda dan percaya diri. Ikat Pinggang / Sabuk Pria - SPP 552 dengan bahan WEBBING ini dijamin awet.<br/>Kode : SPP 552<br/>Warna : KREM <br/>Bahan : WEBBING<br/>Ukuran : All Size<br/>Berat : 0.5 kg<br/><br>
         </p>

         <p style=""background-color: #5cb85c; color: #ffffff; padding: 5px; text-align: center; display: inline-block; box-shadow: 0 1px 3px rgba(0,0,0,0.12), 0 1px 2px rgba(0,0,0,0.24);"">
         ID Penjual : BDRS<br>
         Lokasi : Bandung</p>

         {% include share.html %}

         {% include disqus.html %}
         
        </div>
       </div>       
       
      </div>
     </div><!--/category-tab-->",2017-02-11,html,tali-pinggang-pria,inficlo,tali-pinggang-pria,inficlo,"Tali Pinggang Pria Bahan WEBBING, Ukuran All Size, Warna KREM ",https://images.lipatan.com/katalog-inficlo-2017/foto-produk-satuan/256-spp-552.jpg,Ikat Pinggang / Sabuk Pria - SPP 552,Rp 82.900,SPP 552,Baru
Jual Tali Pinggang / Gesper Pria - H 9027 Murah,tali-pinggang-gesper-pria-h-9027,"
     <div class=""product-details""><!--product-details-->
      <div class=""col-sm-5"">
       <div class=""view-product"">
        <img src=""{{ page.image }}"" alt=""{{ page.product }}"" title=""{{ page.product }}"" />
        <h3><a style=""text-decoration: none; color: #ffffff"" href=""{{ page.image }}"" target=""_blank"" title=""Klik disini untuk memperbesar"">ZOOM</a></h3>
       </div>
      </div>

      <div class=""col-sm-7"">
       <div class=""product-information""><!--/product-information-->
        <h1>{{ page.product }}</h1>
        <p>SKU: {{ page.sku }}</p>
        <img src=""{{ site.url }}/img/rating.png"" alt=""rating"" title=""rating"" /><br>
        <span>
         <span>{{ page.price }}</span>        
         <label>Stok:<a href=""http://stok.lipatan.com"" target=""_blank"" title=""Cek Stok"">
          <script type=""text/javascript"">
          <!--
          document.write(unescape('%3c%62%75%74%74%6f%6e%20%74%79%70%65%3d%22%62%75%74%74%6f%6e%22%20%63%6c%61%73%73%3d%22%62%74%6e%20%62%74%6e%2d%66%65%66%61%75%6c%74%20%63%61%72%74%22%3e%09%09%09%09%09%09%09%09%09%09%3c%69%20%63%6c%61%73%73%3d%22%66%61%20%66%61%2d%73%68%6f%70%70%69%6e%67%2d%63%61%72%74%22%3e%3c%2f%69%3e%09%09%09%09%09%09%09%09%09%09%43%65%6b%20%53%74%6f%6b%3c%2f%62%75%74%74%6f%6e%3e'));
          //-->
          </script>
          </a>
         </label>
        </span>
        <p><b>Kondisi:</b> {{ page.kondisi }}</p>
        <p><b>Deskripsi:</b> {{ page.description }}</p>
        {% include buy.html %}
       </div><!--/product-information-->
      </div>
     </div><!--/product-details-->
     
     <div class=""category-tab shop-details-tab""><!--category-tab-->
      <div class=""col-sm-12"">
       <ul class=""nav nav-tabs"">
        <li class=""active""><a href=""{{ site.url }}{{ page.url }}#keterangan"" data-toggle=""tab"" title=""Keterangan"">Keterangan</a></li>        
       </ul>
      </div>
      <div class=""tab-content"">
       <div class=""tab-pane fade active in"" id=""keterangan"" >
        <div class=""col-sm-12"">
         <h2>{{ page.product }}</h2>         
         <ol class=""breadcrumb"">
            <li class=""active"">Tag :</li>
            <li><a href=""{{ site.url }}/{{ page.jenis }}"" title=""{{ page.jenis }}"">{{ page.jenis }}</a></li>
            <li><a href=""{{ site.url }}/{{ page.brand }}"" title=""{{ page.brand }}"">{{ page.brand }}</a></li>  
         </ol>         
         <p>Tampil trendy dengan Tali Pinggang Pria merek HRCN. Brand fashion asal Bandung. Cocok untuk hadiah orang yang Anda sayangi agar terlihat lebih gaya, tampil berbeda dan percaya diri. Tali Pinggang / Gesper Pria - H 9027 dengan bahan WEBBING ini dijamin awet.<br/>Kode : H 9027<br/>Warna : HTM<br/>Bahan : WEBBING<br/>Ukuran : All Size<br/>Berat : 0.4 kg<br>
         </p>

         <p style=""background-color: #5cb85c; color: #ffffff; padding: 5px; text-align: center; display: inline-block; box-shadow: 0 1px 3px rgba(0,0,0,0.12), 0 1px 2px rgba(0,0,0,0.24);"">
         ID Penjual : BDRS<br>
         Lokasi : Bandung</p>

         {% include share.html %}

         {% include disqus.html %}
         
        </div>
       </div>       
       
      </div>
     </div><!--/category-tab-->",2017-02-10,html,tali-pinggang-pria,hrcn,tali-pinggang-pria,hrcn,"Tali Pinggang Pria Bahan WEBBING, Ukuran All Size, Warna HTM",https://images.lipatan.com/katalog-hrcn-2017/foto-produk-satuan/412-h-9027.jpg,Tali Pinggang / Gesper Pria - H 9027,Rp 80.900,H 9027,Baru
Jual Tali Pinggang / Gesper Pria - H 9147 Murah,tali-pinggang-gesper-pria-h-9147,"
     <div class=""product-details""><!--product-details-->
      <div class=""col-sm-5"">
       <div class=""view-product"">
        <img src=""{{ page.image }}"" alt=""{{ page.product }}"" title=""{{ page.product }}"" />
        <h3><a style=""text-decoration: none; color: #ffffff"" href=""{{ page.image }}"" target=""_blank"" title=""Klik disini untuk memperbesar"">ZOOM</a></h3>
       </div>
      </div>

      <div class=""col-sm-7"">
       <div class=""product-information""><!--/product-information-->
        <h1>{{ page.product }}</h1>
        <p>SKU: {{ page.sku }}</p>
        <img src=""{{ site.url }}/img/rating.png"" alt=""rating"" title=""rating"" /><br>
        <span>
         <span>{{ page.price }}</span>        
         <label>Stok:<a href=""http://stok.lipatan.com"" target=""_blank"" title=""Cek Stok"">
          <script type=""text/javascript"">
          <!--
          document.write(unescape('%3c%62%75%74%74%6f%6e%20%74%79%70%65%3d%22%62%75%74%74%6f%6e%22%20%63%6c%61%73%73%3d%22%62%74%6e%20%62%74%6e%2d%66%65%66%61%75%6c%74%20%63%61%72%74%22%3e%09%09%09%09%09%09%09%09%09%09%3c%69%20%63%6c%61%73%73%3d%22%66%61%20%66%61%2d%73%68%6f%70%70%69%6e%67%2d%63%61%72%74%22%3e%3c%2f%69%3e%09%09%09%09%09%09%09%09%09%09%43%65%6b%20%53%74%6f%6b%3c%2f%62%75%74%74%6f%6e%3e'));
          //-->
          </script>
          </a>
         </label>
        </span>
        <p><b>Kondisi:</b> {{ page.kondisi }}</p>
        <p><b>Deskripsi:</b> {{ page.description }}</p>
        {% include buy.html %}
       </div><!--/product-information-->
      </div>
     </div><!--/product-details-->
     
     <div class=""category-tab shop-details-tab""><!--category-tab-->
      <div class=""col-sm-12"">
       <ul class=""nav nav-tabs"">
        <li class=""active""><a href=""{{ site.url }}{{ page.url }}#keterangan"" data-toggle=""tab"" title=""Keterangan"">Keterangan</a></li>        
       </ul>
      </div>
      <div class=""tab-content"">
       <div class=""tab-pane fade active in"" id=""keterangan"" >
        <div class=""col-sm-12"">
         <h2>{{ page.product }}</h2>         
         <ol class=""breadcrumb"">
            <li class=""active"">Tag :</li>
            <li><a href=""{{ site.url }}/{{ page.jenis }}"" title=""{{ page.jenis }}"">{{ page.jenis }}</a></li>
            <li><a href=""{{ site.url }}/{{ page.brand }}"" title=""{{ page.brand }}"">{{ page.brand }}</a></li>  
         </ol>         
         <p>Tampil trendy dengan Tali Pinggang Pria merek HRCN. Brand fashion asal Bandung. Cocok untuk hadiah orang yang Anda sayangi agar terlihat lebih gaya, tampil berbeda dan percaya diri. Tali Pinggang / Gesper Pria - H 9147 dengan bahan WEBBING ini dijamin awet.<br/>Kode : H 9147<br/>Warna : MRHHTM<br/>Bahan : WEBBING<br/>Ukuran : All Size<br/>Berat : 0.4 kg<br>
         </p>

         <p style=""background-color: #5cb85c; color: #ffffff; padding: 5px; text-align: center; display: inline-block; box-shadow: 0 1px 3px rgba(0,0,0,0.12), 0 1px 2px rgba(0,0,0,0.24);"">
         ID Penjual : BDRS<br>
         Lokasi : Bandung</p>

         {% include share.html %}

         {% include disqus.html %}
         
        </div>
       </div>       
       
      </div>
     </div><!--/category-tab-->",2017-02-10,html,tali-pinggang-pria,hrcn,tali-pinggang-pria,hrcn,"Tali Pinggang Pria Bahan WEBBING, Ukuran All Size, Warna MRHHTM",https://images.lipatan.com/katalog-hrcn-2017/foto-produk-satuan/413-h-9147.jpg,Tali Pinggang / Gesper Pria - H 9147,Rp 78.900,H 9147,Baru
Jual Tali Pinggang / Gesper Pria - H 9148 Murah,tali-pinggang-gesper-pria-h-9148,"
     <div class=""product-details""><!--product-details-->
      <div class=""col-sm-5"">
       <div class=""view-product"">
        <img src=""{{ page.image }}"" alt=""{{ page.product }}"" title=""{{ page.product }}"" />
        <h3><a style=""text-decoration: none; color: #ffffff"" href=""{{ page.image }}"" target=""_blank"" title=""Klik disini untuk memperbesar"">ZOOM</a></h3>
       </div>
      </div>

      <div class=""col-sm-7"">
       <div class=""product-information""><!--/product-information-->
        <h1>{{ page.product }}</h1>
        <p>SKU: {{ page.sku }}</p>
        <img src=""{{ site.url }}/img/rating.png"" alt=""rating"" title=""rating"" /><br>
        <span>
         <span>{{ page.price }}</span>        
         <label>Stok:<a href=""http://stok.lipatan.com"" target=""_blank"" title=""Cek Stok"">
          <script type=""text/javascript"">
          <!--
          document.write(unescape('%3c%62%75%74%74%6f%6e%20%74%79%70%65%3d%22%62%75%74%74%6f%6e%22%20%63%6c%61%73%73%3d%22%62%74%6e%20%62%74%6e%2d%66%65%66%61%75%6c%74%20%63%61%72%74%22%3e%09%09%09%09%09%09%09%09%09%09%3c%69%20%63%6c%61%73%73%3d%22%66%61%20%66%61%2d%73%68%6f%70%70%69%6e%67%2d%63%61%72%74%22%3e%3c%2f%69%3e%09%09%09%09%09%09%09%09%09%09%43%65%6b%20%53%74%6f%6b%3c%2f%62%75%74%74%6f%6e%3e'));
          //-->
          </script>
          </a>
         </label>
        </span>
        <p><b>Kondisi:</b> {{ page.kondisi }}</p>
        <p><b>Deskripsi:</b> {{ page.description }}</p>
        {% include buy.html %}
       </div><!--/product-information-->
      </div>
     </div><!--/product-details-->
     
     <div class=""category-tab shop-details-tab""><!--category-tab-->
      <div class=""col-sm-12"">
       <ul class=""nav nav-tabs"">
        <li class=""active""><a href=""{{ site.url }}{{ page.url }}#keterangan"" data-toggle=""tab"" title=""Keterangan"">Keterangan</a></li>        
       </ul>
      </div>
      <div class=""tab-content"">
       <div class=""tab-pane fade active in"" id=""keterangan"" >
        <div class=""col-sm-12"">
         <h2>{{ page.product }}</h2>         
         <ol class=""breadcrumb"">
            <li class=""active"">Tag :</li>
            <li><a href=""{{ site.url }}/{{ page.jenis }}"" title=""{{ page.jenis }}"">{{ page.jenis }}</a></li>
            <li><a href=""{{ site.url }}/{{ page.brand }}"" title=""{{ page.brand }}"">{{ page.brand }}</a></li>  
         </ol>         
         <p>Tampil trendy dengan Tali Pinggang Pria merek HRCN. Brand fashion asal Bandung. Cocok untuk hadiah orang yang Anda sayangi agar terlihat lebih gaya, tampil berbeda dan percaya diri. Tali Pinggang / Gesper Pria - H 9148 dengan bahan WEBBING ini dijamin awet.<br/>Kode : H 9148<br/>Warna : HTMCKL<br/>Bahan : WEBBING<br/>Ukuran : All Size<br/>Berat : 0.4 kg<br>
         </p>

         <p style=""background-color: #5cb85c; color: #ffffff; padding: 5px; text-align: center; display: inline-block; box-shadow: 0 1px 3px rgba(0,0,0,0.12), 0 1px 2px rgba(0,0,0,0.24);"">
         ID Penjual : BDRS<br>
         Lokasi : Bandung</p>

         {% include share.html %}

         {% include disqus.html %}
         
        </div>
       </div>       
       
      </div>
     </div><!--/category-tab-->",2017-02-10,html,tali-pinggang-pria,hrcn,tali-pinggang-pria,hrcn,"Tali Pinggang Pria Bahan WEBBING, Ukuran All Size, Warna HTMCKL",https://images.lipatan.com/katalog-hrcn-2017/foto-produk-satuan/414-h-9148.jpg,Tali Pinggang / Gesper Pria - H 9148,Rp 78.900,H 9148,Baru
Jual Tali Pinggang / Gesper Pria - H 9032 Murah,tali-pinggang-gesper-pria-h-9032,"
     <div class=""product-details""><!--product-details-->
      <div class=""col-sm-5"">
       <div class=""view-product"">
        <img src=""{{ page.image }}"" alt=""{{ page.product }}"" title=""{{ page.product }}"" />
        <h3><a style=""text-decoration: none; color: #ffffff"" href=""{{ page.image }}"" target=""_blank"" title=""Klik disini untuk memperbesar"">ZOOM</a></h3>
       </div>
      </div>

      <div class=""col-sm-7"">
       <div class=""product-information""><!--/product-information-->
        <h1>{{ page.product }}</h1>
        <p>SKU: {{ page.sku }}</p>
        <img src=""{{ site.url }}/img/rating.png"" alt=""rating"" title=""rating"" /><br>
        <span>
         <span>{{ page.price }}</span>        
         <label>Stok:<a href=""http://stok.lipatan.com"" target=""_blank"" title=""Cek Stok"">
          <script type=""text/javascript"">
          <!--
          document.write(unescape('%3c%62%75%74%74%6f%6e%20%74%79%70%65%3d%22%62%75%74%74%6f%6e%22%20%63%6c%61%73%73%3d%22%62%74%6e%20%62%74%6e%2d%66%65%66%61%75%6c%74%20%63%61%72%74%22%3e%09%09%09%09%09%09%09%09%09%09%3c%69%20%63%6c%61%73%73%3d%22%66%61%20%66%61%2d%73%68%6f%70%70%69%6e%67%2d%63%61%72%74%22%3e%3c%2f%69%3e%09%09%09%09%09%09%09%09%09%09%43%65%6b%20%53%74%6f%6b%3c%2f%62%75%74%74%6f%6e%3e'));
          //-->
          </script>
          </a>
         </label>
        </span>
        <p><b>Kondisi:</b> {{ page.kondisi }}</p>
        <p><b>Deskripsi:</b> {{ page.description }}</p>
        {% include buy.html %}
       </div><!--/product-information-->
      </div>
     </div><!--/product-details-->
     
     <div class=""category-tab shop-details-tab""><!--category-tab-->
      <div class=""col-sm-12"">
       <ul class=""nav nav-tabs"">
        <li class=""active""><a href=""{{ site.url }}{{ page.url }}#keterangan"" data-toggle=""tab"" title=""Keterangan"">Keterangan</a></li>        
       </ul>
      </div>
      <div class=""tab-content"">
       <div class=""tab-pane fade active in"" id=""keterangan"" >
        <div class=""col-sm-12"">
         <h2>{{ page.product }}</h2>         
         <ol class=""breadcrumb"">
            <li class=""active"">Tag :</li>
            <li><a href=""{{ site.url }}/{{ page.jenis }}"" title=""{{ page.jenis }}"">{{ page.jenis }}</a></li>
            <li><a href=""{{ site.url }}/{{ page.brand }}"" title=""{{ page.brand }}"">{{ page.brand }}</a></li>  
         </ol>         
         <p>Tampil trendy dengan Tali Pinggang Pria merek HRCN. Brand fashion asal Bandung. Cocok untuk hadiah orang yang Anda sayangi agar terlihat lebih gaya, tampil berbeda dan percaya diri. Tali Pinggang / Gesper Pria - H 9032 dengan bahan WEBBING ini dijamin awet.<br/>Kode : H 9032<br/>Warna : HTM<br/>Bahan : WEBBING<br/>Ukuran : All Size<br/>Berat : 0.4 kg<br>
         </p>

         <p style=""background-color: #5cb85c; color: #ffffff; padding: 5px; text-align: center; display: inline-block; box-shadow: 0 1px 3px rgba(0,0,0,0.12), 0 1px 2px rgba(0,0,0,0.24);"">
         ID Penjual : BDRS<br>
         Lokasi : Bandung</p>

         {% include share.html %}

         {% include disqus.html %}
         
        </div>
       </div>       
       
      </div>
     </div><!--/category-tab-->",2017-02-10,html,tali-pinggang-pria,hrcn,tali-pinggang-pria,hrcn,"Tali Pinggang Pria Bahan WEBBING, Ukuran All Size, Warna HTM",https://images.lipatan.com/katalog-hrcn-2017/foto-produk-satuan/415-h-9032.jpg,Tali Pinggang / Gesper Pria - H 9032,Rp 85.900,H 9032,Baru
Jual Tali Pinggang / Gesper Pria - H 9034 Murah,tali-pinggang-gesper-pria-h-9034,"
     <div class=""product-details""><!--product-details-->
      <div class=""col-sm-5"">
       <div class=""view-product"">
        <img src=""{{ page.image }}"" alt=""{{ page.product }}"" title=""{{ page.product }}"" />
        <h3><a style=""text-decoration: none; color: #ffffff"" href=""{{ page.image }}"" target=""_blank"" title=""Klik disini untuk memperbesar"">ZOOM</a></h3>
       </div>
      </div>

      <div class=""col-sm-7"">
       <div class=""product-information""><!--/product-information-->
        <h1>{{ page.product }}</h1>
        <p>SKU: {{ page.sku }}</p>
        <img src=""{{ site.url }}/img/rating.png"" alt=""rating"" title=""rating"" /><br>
        <span>
         <span>{{ page.price }}</span>        
         <label>Stok:<a href=""http://stok.lipatan.com"" target=""_blank"" title=""Cek Stok"">
          <script type=""text/javascript"">
          <!--
          document.write(unescape('%3c%62%75%74%74%6f%6e%20%74%79%70%65%3d%22%62%75%74%74%6f%6e%22%20%63%6c%61%73%73%3d%22%62%74%6e%20%62%74%6e%2d%66%65%66%61%75%6c%74%20%63%61%72%74%22%3e%09%09%09%09%09%09%09%09%09%09%3c%69%20%63%6c%61%73%73%3d%22%66%61%20%66%61%2d%73%68%6f%70%70%69%6e%67%2d%63%61%72%74%22%3e%3c%2f%69%3e%09%09%09%09%09%09%09%09%09%09%43%65%6b%20%53%74%6f%6b%3c%2f%62%75%74%74%6f%6e%3e'));
          //-->
          </script>
          </a>
         </label>
        </span>
        <p><b>Kondisi:</b> {{ page.kondisi }}</p>
        <p><b>Deskripsi:</b> {{ page.description }}</p>
        {% include buy.html %}
       </div><!--/product-information-->
      </div>
     </div><!--/product-details-->
     
     <div class=""category-tab shop-details-tab""><!--category-tab-->
      <div class=""col-sm-12"">
       <ul class=""nav nav-tabs"">
        <li class=""active""><a href=""{{ site.url }}{{ page.url }}#keterangan"" data-toggle=""tab"" title=""Keterangan"">Keterangan</a></li>        
       </ul>
      </div>
      <div class=""tab-content"">
       <div class=""tab-pane fade active in"" id=""keterangan"" >
        <div class=""col-sm-12"">
         <h2>{{ page.product }}</h2>         
         <ol class=""breadcrumb"">
            <li class=""active"">Tag :</li>
            <li><a href=""{{ site.url }}/{{ page.jenis }}"" title=""{{ page.jenis }}"">{{ page.jenis }}</a></li>
            <li><a href=""{{ site.url }}/{{ page.brand }}"" title=""{{ page.brand }}"">{{ page.brand }}</a></li>  
         </ol>         
         <p>Tampil trendy dengan Tali Pinggang Pria merek HRCN. Brand fashion asal Bandung. Cocok untuk hadiah orang yang Anda sayangi agar terlihat lebih gaya, tampil berbeda dan percaya diri. Tali Pinggang / Gesper Pria - H 9034 dengan bahan SYNTHETIC ini dijamin awet.<br/>Kode : H 9034<br/>Warna : CKL<br/>Bahan : SYNTHETIC<br/>Ukuran : All Size<br/>Berat : 0.4 kg<br>
         </p>

         <p style=""background-color: #5cb85c; color: #ffffff; padding: 5px; text-align: center; display: inline-block; box-shadow: 0 1px 3px rgba(0,0,0,0.12), 0 1px 2px rgba(0,0,0,0.24);"">
         ID Penjual : BDRS<br>
         Lokasi : Bandung</p>

         {% include share.html %}

         {% include disqus.html %}
         
        </div>
       </div>       
       
      </div>
     </div><!--/category-tab-->",2017-02-10,html,tali-pinggang-pria,hrcn,tali-pinggang-pria,hrcn,"Tali Pinggang Pria Bahan SYNTHETIC, Ukuran All Size, Warna CKL",https://images.lipatan.com/katalog-hrcn-2017/foto-produk-satuan/416-h-9034.jpg,Tali Pinggang / Gesper Pria - H 9034,Rp 88.900,H 9034,Baru
Jual Tali Pinggang / Gesper Pria - H 9036 Murah,tali-pinggang-gesper-pria-h-9036,"
     <div class=""product-details""><!--product-details-->
      <div class=""col-sm-5"">
       <div class=""view-product"">
        <img src=""{{ page.image }}"" alt=""{{ page.product }}"" title=""{{ page.product }}"" />
        <h3><a style=""text-decoration: none; color: #ffffff"" href=""{{ page.image }}"" target=""_blank"" title=""Klik disini untuk memperbesar"">ZOOM</a></h3>
       </div>
      </div>

      <div class=""col-sm-7"">
       <div class=""product-information""><!--/product-information-->
        <h1>{{ page.product }}</h1>
        <p>SKU: {{ page.sku }}</p>
        <img src=""{{ site.url }}/img/rating.png"" alt=""rating"" title=""rating"" /><br>
        <span>
         <span>{{ page.price }}</span>        
         <label>Stok:<a href=""http://stok.lipatan.com"" target=""_blank"" title=""Cek Stok"">
          <script type=""text/javascript"">
          <!--
          document.write(unescape('%3c%62%75%74%74%6f%6e%20%74%79%70%65%3d%22%62%75%74%74%6f%6e%22%20%63%6c%61%73%73%3d%22%62%74%6e%20%62%74%6e%2d%66%65%66%61%75%6c%74%20%63%61%72%74%22%3e%09%09%09%09%09%09%09%09%09%09%3c%69%20%63%6c%61%73%73%3d%22%66%61%20%66%61%2d%73%68%6f%70%70%69%6e%67%2d%63%61%72%74%22%3e%3c%2f%69%3e%09%09%09%09%09%09%09%09%09%09%43%65%6b%20%53%74%6f%6b%3c%2f%62%75%74%74%6f%6e%3e'));
          //-->
          </script>
          </a>
         </label>
        </span>
        <p><b>Kondisi:</b> {{ page.kondisi }}</p>
        <p><b>Deskripsi:</b> {{ page.description }}</p>
        {% include buy.html %}
       </div><!--/product-information-->
      </div>
     </div><!--/product-details-->
     
     <div class=""category-tab shop-details-tab""><!--category-tab-->
      <div class=""col-sm-12"">
       <ul class=""nav nav-tabs"">
        <li class=""active""><a href=""{{ site.url }}{{ page.url }}#keterangan"" data-toggle=""tab"" title=""Keterangan"">Keterangan</a></li>        
       </ul>
      </div>
      <div class=""tab-content"">
       <div class=""tab-pane fade active in"" id=""keterangan"" >
        <div class=""col-sm-12"">
         <h2>{{ page.product }}</h2>         
         <ol class=""breadcrumb"">
            <li class=""active"">Tag :</li>
            <li><a href=""{{ site.url }}/{{ page.jenis }}"" title=""{{ page.jenis }}"">{{ page.jenis }}</a></li>
            <li><a href=""{{ site.url }}/{{ page.brand }}"" title=""{{ page.brand }}"">{{ page.brand }}</a></li>  
         </ol>         
         <p>Tampil trendy dengan Tali Pinggang Pria merek HRCN. Brand fashion asal Bandung. Cocok untuk hadiah orang yang Anda sayangi agar terlihat lebih gaya, tampil berbeda dan percaya diri. Tali Pinggang / Gesper Pria - H 9036 dengan bahan SYNTHETIC ini dijamin awet.<br/>Kode : H 9036<br/>Warna : HTM<br/>Bahan : SYNTHETIC<br/>Ukuran : All Size<br/>Berat : 0.4 kg<br>
         </p>

         <p style=""background-color: #5cb85c; color: #ffffff; padding: 5px; text-align: center; display: inline-block; box-shadow: 0 1px 3px rgba(0,0,0,0.12), 0 1px 2px rgba(0,0,0,0.24);"">
         ID Penjual : BDRS<br>
         Lokasi : Bandung</p>

         {% include share.html %}

         {% include disqus.html %}
         
        </div>
       </div>       
       
      </div>
     </div><!--/category-tab-->",2017-02-10,html,tali-pinggang-pria,hrcn,tali-pinggang-pria,hrcn,"Tali Pinggang Pria Bahan SYNTHETIC, Ukuran All Size, Warna HTM",https://images.lipatan.com/katalog-hrcn-2017/foto-produk-satuan/417-h-9036.jpg,Tali Pinggang / Gesper Pria - H 9036,Rp 88.900,H 9036,Baru
Jual Ikat Pinggang / Gesper Pria - UUC 004 Murah,ikat-pinggang-gesper-pria-uuc-004,"
     <div class=""product-details""><!--product-details-->
      <div class=""col-sm-5"">
       <div class=""view-product"">
        <img src=""{{ page.image }}"" alt=""{{ page.product }}"" title=""{{ page.product }}"" />
        <h3><a style=""text-decoration: none; color: #ffffff"" href=""{{ page.image }}"" target=""_blank"" title=""Klik disini untuk memperbesar"">ZOOM</a></h3>
       </div>
      </div>

      <div class=""col-sm-7"">
       <div class=""product-information""><!--/product-information-->
        <h1>{{ page.product }}</h1>
        <p>SKU: {{ page.sku }}</p>
        <img src=""{{ site.url }}/img/rating.png"" alt=""rating"" title=""rating"" /><br>
        <span>
         <span>{{ page.price }}</span>        
         <label>Stok:<a href=""http://stok.lipatan.com"" target=""_blank"" title=""Cek Stok"">
          <script type=""text/javascript"">
          <!--
          document.write(unescape('%3c%62%75%74%74%6f%6e%20%74%79%70%65%3d%22%62%75%74%74%6f%6e%22%20%63%6c%61%73%73%3d%22%62%74%6e%20%62%74%6e%2d%66%65%66%61%75%6c%74%20%63%61%72%74%22%3e%09%09%09%09%09%09%09%09%09%09%3c%69%20%63%6c%61%73%73%3d%22%66%61%20%66%61%2d%73%68%6f%70%70%69%6e%67%2d%63%61%72%74%22%3e%3c%2f%69%3e%09%09%09%09%09%09%09%09%09%09%43%65%6b%20%53%74%6f%6b%3c%2f%62%75%74%74%6f%6e%3e'));
          //-->
          </script>
          </a>
         </label>
        </span>
        <p><b>Kondisi:</b> {{ page.kondisi }}</p>
        <p><b>Deskripsi:</b> {{ page.description }}</p>
        {% include buy.html %}
       </div><!--/product-information-->
      </div>
     </div><!--/product-details-->
     
     <div class=""category-tab shop-details-tab""><!--category-tab-->
      <div class=""col-sm-12"">
       <ul class=""nav nav-tabs"">
        <li class=""active""><a href=""{{ site.url }}{{ page.url }}#keterangan"" data-toggle=""tab"" title=""Keterangan"">Keterangan</a></li>        
       </ul>
      </div>
      <div class=""tab-content"">
       <div class=""tab-pane fade active in"" id=""keterangan"" >
        <div class=""col-sm-12"">
         <h2>{{ page.product }}</h2>         
         <ol class=""breadcrumb"">
            <li class=""active"">Tag :</li>
            <li><a href=""{{ site.url }}/{{ page.jenis }}"" title=""{{ page.jenis }}"">{{ page.jenis }}</a></li>
            <li><a href=""{{ site.url }}/{{ page.brand }}"" title=""{{ page.brand }}"">{{ page.brand }}</a></li>  
         </ol>         
         <p>Tampil trendy dengan Tali Pinggang Pria merek CBR Six. Brand fashion asal Bandung. Cocok untuk hadiah orang yang Anda sayangi agar terlihat lebih gaya, tampil berbeda dan percaya diri. Ikat Pinggang / Gesper Pria - UUC 004 dengan bahan KULIT ini dijamin awet.<br/>Kode : UUC 004<br/>Warna : COKLAT<br/>Bahan : KULIT<br/>Ukuran : 130 CM<br/>Berat : 0.4 kg<br>
         </p>

         <p style=""background-color: #5cb85c; color: #ffffff; padding: 5px; text-align: center; display: inline-block; box-shadow: 0 1px 3px rgba(0,0,0,0.12), 0 1px 2px rgba(0,0,0,0.24);"">
         ID Penjual : BDRS<br>
         Lokasi : Bandung</p>

         {% include share.html %}

         {% include disqus.html %}
         
        </div>
       </div>       
       
      </div>
     </div><!--/category-tab-->",2017-02-04,html,tali-pinggang-pria,cbr-six,tali-pinggang-pria,cbr-six,"Tali Pinggang Pria Bahan KULIT, Ukuran 130 CM, Warna COKLAT",https://images.lipatan.com/katalog-cbr-six-2017/foto-produk-satuan/307-uuc-004.jpg,Ikat Pinggang / Gesper Pria - UUC 004,Rp 150.900,UUC 004,Baru
Jual Ikat Pinggang / Gesper Pria - UUC 005 Murah,ikat-pinggang-gesper-pria-uuc-005,"
     <div class=""product-details""><!--product-details-->
      <div class=""col-sm-5"">
       <div class=""view-product"">
        <img src=""{{ page.image }}"" alt=""{{ page.product }}"" title=""{{ page.product }}"" />
        <h3><a style=""text-decoration: none; color: #ffffff"" href=""{{ page.image }}"" target=""_blank"" title=""Klik disini untuk memperbesar"">ZOOM</a></h3>
       </div>
      </div>

      <div class=""col-sm-7"">
       <div class=""product-information""><!--/product-information-->
        <h1>{{ page.product }}</h1>
        <p>SKU: {{ page.sku }}</p>
        <img src=""{{ site.url }}/img/rating.png"" alt=""rating"" title=""rating"" /><br>
        <span>
         <span>{{ page.price }}</span>        
         <label>Stok:<a href=""http://stok.lipatan.com"" target=""_blank"" title=""Cek Stok"">
          <script type=""text/javascript"">
          <!--
          document.write(unescape('%3c%62%75%74%74%6f%6e%20%74%79%70%65%3d%22%62%75%74%74%6f%6e%22%20%63%6c%61%73%73%3d%22%62%74%6e%20%62%74%6e%2d%66%65%66%61%75%6c%74%20%63%61%72%74%22%3e%09%09%09%09%09%09%09%09%09%09%3c%69%20%63%6c%61%73%73%3d%22%66%61%20%66%61%2d%73%68%6f%70%70%69%6e%67%2d%63%61%72%74%22%3e%3c%2f%69%3e%09%09%09%09%09%09%09%09%09%09%43%65%6b%20%53%74%6f%6b%3c%2f%62%75%74%74%6f%6e%3e'));
          //-->
          </script>
          </a>
         </label>
        </span>
        <p><b>Kondisi:</b> {{ page.kondisi }}</p>
        <p><b>Deskripsi:</b> {{ page.description }}</p>
        {% include buy.html %}
       </div><!--/product-information-->
      </div>
     </div><!--/product-details-->
     
     <div class=""category-tab shop-details-tab""><!--category-tab-->
      <div class=""col-sm-12"">
       <ul class=""nav nav-tabs"">
        <li class=""active""><a href=""{{ site.url }}{{ page.url }}#keterangan"" data-toggle=""tab"" title=""Keterangan"">Keterangan</a></li>        
       </ul>
      </div>
      <div class=""tab-content"">
       <div class=""tab-pane fade active in"" id=""keterangan"" >
        <div class=""col-sm-12"">
         <h2>{{ page.product }}</h2>         
         <ol class=""breadcrumb"">
            <li class=""active"">Tag :</li>
            <li><a href=""{{ site.url }}/{{ page.jenis }}"" title=""{{ page.jenis }}"">{{ page.jenis }}</a></li>
            <li><a href=""{{ site.url }}/{{ page.brand }}"" title=""{{ page.brand }}"">{{ page.brand }}</a></li>  
         </ol>         
         <p>Tampil trendy dengan Tali Pinggang Pria merek CBR Six. Brand fashion asal Bandung. Cocok untuk hadiah orang yang Anda sayangi agar terlihat lebih gaya, tampil berbeda dan percaya diri. Ikat Pinggang / Gesper Pria - UUC 005 dengan bahan KULIT ini dijamin awet.<br/>Kode : UUC 005<br/>Warna : COKLAT<br/>Bahan : KULIT<br/>Ukuran : 130 CM<br/>Berat : 0.4 kg<br>
         </p>

         <p style=""background-color: #5cb85c; color: #ffffff; padding: 5px; text-align: center; display: inline-block; box-shadow: 0 1px 3px rgba(0,0,0,0.12), 0 1px 2px rgba(0,0,0,0.24);"">
         ID Penjual : BDRS<br>
         Lokasi : Bandung</p>

         {% include share.html %}

         {% include disqus.html %}
         
        </div>
       </div>       
       
      </div>
     </div><!--/category-tab-->",2017-02-04,html,tali-pinggang-pria,cbr-six,tali-pinggang-pria,cbr-six,"Tali Pinggang Pria Bahan KULIT, Ukuran 130 CM, Warna COKLAT",https://images.lipatan.com/katalog-cbr-six-2017/foto-produk-satuan/308-uuc-005.jpg,Ikat Pinggang / Gesper Pria - UUC 005,Rp 116.900,UUC 005,Baru
Jual Sabuk / Ikat Pinggang Pria - UUS 721 Murah,sabuk-ikat-pinggang-pria-uus-721,"
     <div class=""product-details""><!--product-details-->
      <div class=""col-sm-5"">
       <div class=""view-product"">
        <img src=""{{ page.image }}"" alt=""{{ page.product }}"" title=""{{ page.product }}"" />
        <h3><a style=""text-decoration: none; color: #ffffff"" href=""{{ page.image }}"" target=""_blank"" title=""Klik disini untuk memperbesar"">ZOOM</a></h3>
       </div>
      </div>

      <div class=""col-sm-7"">
       <div class=""product-information""><!--/product-information-->
        <h1>{{ page.product }}</h1>
        <p>SKU: {{ page.sku }}</p>
        <img src=""{{ site.url }}/img/rating.png"" alt=""rating"" title=""rating"" /><br>
        <span>
         <span>{{ page.price }}</span>        
         <label>Stok:<a href=""http://stok.lipatan.com"" target=""_blank"" title=""Cek Stok"">
          <script type=""text/javascript"">
          <!--
          document.write(unescape('%3c%62%75%74%74%6f%6e%20%74%79%70%65%3d%22%62%75%74%74%6f%6e%22%20%63%6c%61%73%73%3d%22%62%74%6e%20%62%74%6e%2d%66%65%66%61%75%6c%74%20%63%61%72%74%22%3e%09%09%09%09%09%09%09%09%09%09%3c%69%20%63%6c%61%73%73%3d%22%66%61%20%66%61%2d%73%68%6f%70%70%69%6e%67%2d%63%61%72%74%22%3e%3c%2f%69%3e%09%09%09%09%09%09%09%09%09%09%43%65%6b%20%53%74%6f%6b%3c%2f%62%75%74%74%6f%6e%3e'));
          //-->
          </script>
          </a>
         </label>
        </span>
        <p><b>Kondisi:</b> {{ page.kondisi }}</p>
        <p><b>Deskripsi:</b> {{ page.description }}</p>
        {% include buy.html %}
       </div><!--/product-information-->
      </div>
     </div><!--/product-details-->
     
     <div class=""category-tab shop-details-tab""><!--category-tab-->
      <div class=""col-sm-12"">
       <ul class=""nav nav-tabs"">
        <li class=""active""><a href=""{{ site.url }}{{ page.url }}#keterangan"" data-toggle=""tab"" title=""Keterangan"">Keterangan</a></li>        
       </ul>
      </div>
      <div class=""tab-content"">
       <div class=""tab-pane fade active in"" id=""keterangan"" >
        <div class=""col-sm-12"">
         <h2>{{ page.product }}</h2>         
         <ol class=""breadcrumb"">
            <li class=""active"">Tag :</li>
            <li><a href=""{{ site.url }}/{{ page.jenis }}"" title=""{{ page.jenis }}"">{{ page.jenis }}</a></li>
            <li><a href=""{{ site.url }}/{{ page.brand }}"" title=""{{ page.brand }}"">{{ page.brand }}</a></li>  
         </ol>         
         <p>Tampil trendy dengan Tali Pinggang Pria merek Java Seven. Brand fashion asal Bandung. Cocok untuk hadiah orang yang Anda sayangi agar terlihat lebih gaya, tampil berbeda dan percaya diri. Sabuk / Ikat Pinggang Pria - UUS 721 dengan bahan KULIT ini dijamin awet.<br/>Kode : UUS 721<br/>Warna : COKLAT<br/>Bahan : KULIT<br/>Ukuran : 120X4<br/>Berat : 0.4 kg<br>
         </p>

         <p style=""background-color: #5cb85c; color: #ffffff; padding: 5px; text-align: center; display: inline-block; box-shadow: 0 1px 3px rgba(0,0,0,0.12), 0 1px 2px rgba(0,0,0,0.24);"">
         ID Penjual : BDRS<br>
         Lokasi : Bandung</p>

         {% include share.html %}

         {% include disqus.html %}
         
        </div>
       </div>       
       
      </div>
     </div><!--/category-tab-->",2017-02-12,html,tali-pinggang-pria,java-seven,tali-pinggang-pria,java-seven,"Tali Pinggang Pria Bahan KULIT, Ukuran 120X4, Warna COKLAT",https://images.lipatan.com/katalog-java-seven-2017/foto-produk-satuan/301-uus-721.jpg,Sabuk / Ikat Pinggang Pria - UUS 721,Rp 116.900,UUS 721,Baru
Jual Sabuk / Ikat Pinggang Pria - UUS 722 Murah,sabuk-ikat-pinggang-pria-uus-722,"
     <div class=""product-details""><!--product-details-->
      <div class=""col-sm-5"">
       <div class=""view-product"">
        <img src=""{{ page.image }}"" alt=""{{ page.product }}"" title=""{{ page.product }}"" />
        <h3><a style=""text-decoration: none; color: #ffffff"" href=""{{ page.image }}"" target=""_blank"" title=""Klik disini untuk memperbesar"">ZOOM</a></h3>
       </div>
      </div>

      <div class=""col-sm-7"">
       <div class=""product-information""><!--/product-information-->
        <h1>{{ page.product }}</h1>
        <p>SKU: {{ page.sku }}</p>
        <img src=""{{ site.url }}/img/rating.png"" alt=""rating"" title=""rating"" /><br>
        <span>
         <span>{{ page.price }}</span>        
         <label>Stok:<a href=""http://stok.lipatan.com"" target=""_blank"" title=""Cek Stok"">
          <script type=""text/javascript"">
          <!--
          document.write(unescape('%3c%62%75%74%74%6f%6e%20%74%79%70%65%3d%22%62%75%74%74%6f%6e%22%20%63%6c%61%73%73%3d%22%62%74%6e%20%62%74%6e%2d%66%65%66%61%75%6c%74%20%63%61%72%74%22%3e%09%09%09%09%09%09%09%09%09%09%3c%69%20%63%6c%61%73%73%3d%22%66%61%20%66%61%2d%73%68%6f%70%70%69%6e%67%2d%63%61%72%74%22%3e%3c%2f%69%3e%09%09%09%09%09%09%09%09%09%09%43%65%6b%20%53%74%6f%6b%3c%2f%62%75%74%74%6f%6e%3e'));
          //-->
          </script>
          </a>
         </label>
        </span>
        <p><b>Kondisi:</b> {{ page.kondisi }}</p>
        <p><b>Deskripsi:</b> {{ page.description }}</p>
        {% include buy.html %}
       </div><!--/product-information-->
      </div>
     </div><!--/product-details-->
     
     <div class=""category-tab shop-details-tab""><!--category-tab-->
      <div class=""col-sm-12"">
       <ul class=""nav nav-tabs"">
        <li class=""active""><a href=""{{ site.url }}{{ page.url }}#keterangan"" data-toggle=""tab"" title=""Keterangan"">Keterangan</a></li>        
       </ul>
      </div>
      <div class=""tab-content"">
       <div class=""tab-pane fade active in"" id=""keterangan"" >
        <div class=""col-sm-12"">
         <h2>{{ page.product }}</h2>         
         <ol class=""breadcrumb"">
            <li class=""active"">Tag :</li>
            <li><a href=""{{ site.url }}/{{ page.jenis }}"" title=""{{ page.jenis }}"">{{ page.jenis }}</a></li>
            <li><a href=""{{ site.url }}/{{ page.brand }}"" title=""{{ page.brand }}"">{{ page.brand }}</a></li>  
         </ol>         
         <p>Tampil trendy dengan Tali Pinggang Pria merek Java Seven. Brand fashion asal Bandung. Cocok untuk hadiah orang yang Anda sayangi agar terlihat lebih gaya, tampil berbeda dan percaya diri. Sabuk / Ikat Pinggang Pria - UUS 722 dengan bahan KULIT ini dijamin awet.<br/>Kode : UUS 722<br/>Warna : HITAM<br/>Bahan : KULIT<br/>Ukuran : 120X4<br/>Berat : 0.4 kg<br>
         </p>

         <p style=""background-color: #5cb85c; color: #ffffff; padding: 5px; text-align: center; display: inline-block; box-shadow: 0 1px 3px rgba(0,0,0,0.12), 0 1px 2px rgba(0,0,0,0.24);"">
         ID Penjual : BDRS<br>
         Lokasi : Bandung</p>

         {% include share.html %}

         {% include disqus.html %}
         
        </div>
       </div>       
       
      </div>
     </div><!--/category-tab-->",2017-02-12,html,tali-pinggang-pria,java-seven,tali-pinggang-pria,java-seven,"Tali Pinggang Pria Bahan KULIT, Ukuran 120X4, Warna HITAM",https://images.lipatan.com/katalog-java-seven-2017/foto-produk-satuan/302-uus-722.jpg,Sabuk / Ikat Pinggang Pria - UUS 722,Rp 116.900,UUS 722,Baru
